"RK",TIERS,"PLAYER NAME",TEAM,"POS","AGE","BEST","WORST","AVG.","STD.DEV","ECR VS. ADP"
"1",1,"Ja'Marr Chase",CIN,"WR1","26","1","2","1.2","0.4","-"
"2",1,"Puka Nacua",LAR,"WR2","24","1","5","3.0","1.0","-"
"3",1,"Jaxon Smith-Njigba",SEA,"WR3","24","2","6","3.1","1.3","-"
"4",1,"Bijan Robinson",ATL,"RB1","24","1","5","3.8","1.3","-"
"5",1,"Jahmyr Gibbs",DET,"RB2","24","3","6","5.2","0.9","-"
"6",2,"Justin Jefferson",MIN,"WR4","26","4","11","6.5","1.9","-"
"7",2,"CeeDee Lamb",DAL,"WR5","27","4","10","7.2","1.5","-"
"8",2,"Amon-Ra St. Brown",DET,"WR6","26","5","11","8.0","1.6","-"
"9",2,"Malik Nabers",NYG,"WR7","22","6","14","9.8","1.9","-"
"10",2,"Ashton Jeanty",LV,"RB3","22","8","23","10.7","3.7","-"
"11",2,"Drake London",ATL,"WR8","24","10","15","12.7","1.7","-"
"12",2,"De'Von Achane",MIA,"RB4","24","9","18","13.1","2.1","-"
"13",3,"Jeremiyah Love",ARI,"RB5","20","9","27","14.4","4.7","-"
"14",3,"James Cook III",BUF,"RB6","26","9","28","16.4","4.8","-"
"15",3,"Nico Collins",HOU,"WR9","27","13","25","17.3","3.3","-"
"16",3,"Omarion Hampton",LAC,"RB7","23","10","42","17.9","7.0","-"
"17",3,"Tetairoa McMillan",CAR,"WR10","23","13","28","18.7","4.3","-"
"18",3,"Brock Bowers",LV,"TE1","23","9","32","20.3","5.7","-"
"19",3,"George Pickens",DAL,"WR11","25","14","28","20.4","3.6","-"
"20",3,"Jonathan Taylor",IND,"RB8","27","12","37","20.6","7.5","-"
"21",3,"Josh Allen",BUF,"QB1","29","18","31","21.3","3.5","-"
"22",3,"Chris Olave",NO,"WR12","25","13","32","24.0","4.7","-"
"23",3,"Trey McBride",ARI,"TE2","26","8","44","24.6","8.2","-"
"24",4,"Emeka Egbuka",TB,"WR13","23","17","40","25.8","6.7","-"
"25",4,"Garrett Wilson",NYJ,"WR14","25","18","33","26.6","3.8","-"
"26",4,"Rashee Rice",KC,"WR15","26","17","67","29.9","13.6","-"
"27",4,"Kenneth Walker III",KC,"RB9","25","21","50","30.5","11.3","-"
"28",4,"Drake Maye",NE,"QB2","23","19","53","30.6","9.2","-"
"29",4,"Carnell Tate",TEN,"WR16","21","19","61","32.3","9.3","-"
"30",4,"Ladd McConkey",LAC,"WR17","24","26","66","33.5","9.2","-"
"31",4,"Lamar Jackson",BAL,"QB3","29","25","67","36.2","10.4","-"
"32",4,"DeVonta Smith",PHI,"WR18","27","27","57","36.9","7.2","-"
"33",4,"Jayden Daniels",WAS,"QB4","25","25","79","36.9","12.7","-"
"34",5,"A.J. Brown",PHI,"WR19","28","21","69","38.6","12.1","-"
"35",5,"Tee Higgins",CIN,"WR20","27","29","57","38.8","6.7","-"
"37",5,"Colston Loveland",CHI,"TE3","22","20","60","39.4","9.0","-"
"38",5,"Chase Brown",CIN,"RB10","26","24","55","39.4","9.1","-"
"39",5,"Jordyn Tyson",NO,"WR22","21","24","77","41.0","13.5","-"
"40",5,"Zay Flowers",BAL,"WR23","25","27","67","42.0","10.6","-"
"41",5,"Breece Hall",NYJ,"RB11","24","22","68","42.6","11.1","-"
"42",5,"Jaylen Waddle",DEN,"WR24","27","32","70","43.3","8.1","-"
"43",5,"Joe Burrow",CIN,"QB5","29","28","69","44.5","8.4","-"
"44",5,"Rome Odunze",CHI,"WR25","23","32","76","45.0","11.1","-"
"45",5,"Christian McCaffrey",SF,"RB12","29","17","66","45.8","13.6","-"
"46",5,"Makai Lemon",PHI,"WR26","21","24","82","45.9","15.8","-"
"47",5,"Tyler Warren",IND,"TE4","23","33","60","45.9","5.7","-"
"48",5,"Saquon Barkley",PHI,"RB13","29","16","66","50.5","11.4","-"
"49",5,"Marvin Harrison Jr.",ARI,"WR27","23","31","90","52.0","14.4","-"
"50",6,"TreVeyon Henderson",NE,"RB14","23","33","68","52.2","11.1","-"
"51",6,"Patrick Mahomes II",KC,"QB6","30","42","89","52.3","11.8","-"
"52",6,"Tucker Kraft",GB,"TE5","25","44","70","54.0","5.9","-"
"53",6,"Harold Fannin Jr.",CLE,"TE6","21","30","74","54.0","8.9","-"
"54",6,"Justin Herbert",LAC,"QB7","28","45","85","54.5","10.8","-"
"55",6,"Jalen Hurts",PHI,"QB8","27","41","87","54.6","9.5","-"
"56",6,"Jameson Williams",DET,"WR28","25","39","70","55.4","8.9","-"
"57",6,"Caleb Williams",CHI,"QB9","24","41","113","55.6","18.2","-"
"58",6,"Bucky Irving",TB,"RB15","23","41","66","55.6","7.3","-"
"59",6,"Brian Thomas Jr.",JAC,"WR29","23","36","78","57.1","13.2","-"
"60",6,"Quinshon Judkins",CLE,"RB16","22","34","90","58.4","13.4","-"
"61",6,"Sam LaPorta",DET,"TE7","25","48","73","59.3","6.7","-"
"62",6,"Josh Jacobs",GB,"RB17","28","27","77","62.8","10.5","-"
"63",6,"Travis Etienne Jr.",NO,"RB18","27","46","86","63.8","9.2","-"
"64",6,"Kyren Williams",LAR,"RB19","25","35","85","64.8","12.8","-"
"65",6,"KC Concepcion",CLE,"WR30","21","37","93","64.9","15.1","-"
"66",6,"Kyle Pitts Sr.",ATL,"TE8","25","53","92","65.9","8.9","-"
"67",6,"Jaxson Dart",NYG,"QB10","23","51","111","66.9","14.3","-"
"68",6,"Trevor Lawrence",JAC,"QB11","26","51","96","67.3","14.8","-"
"69",6,"Brock Purdy",SF,"QB12","26","60","85","67.8","8.3","-"
"70",6,"Javonte Williams",DAL,"RB20","26","40","87","68.4","15.1","-"
"71",6,"Cam Skattebo",NYG,"RB21","24","53","98","71.3","12.0","-"
"72",7,"Alec Pierce",IND,"WR31","26","45","119","74.3","17.8","-"
"73",7,"Christian Watson",GB,"WR32","27","49","103","75.7","15.4","-"
"74",7,"Jadarian Price",SEA,"RB22","22","48","94","75.8","11.8","-"
"75",7,"Jordan Addison",MIN,"WR33","24","64","93","76.6","7.7","-"
"76",7,"DJ Moore",BUF,"WR34","29","57","92","77.6","9.7","-"
"77",7,"Bo Nix",DEN,"QB13","26","56","109","78.7","13.7","-"
"78",7,"DK Metcalf",PIT,"WR35","28","41","94","78.8","11.3","-"
"79",7,"Terry McLaurin",WAS,"WR36","30","66","106","79.9","10.9","-"
"80",7,"Kenyon Sadiq",NYJ,"TE9","21","62","130","80.9","18.5","-"
"81",7,"Derrick Henry",BAL,"RB23","32","55","104","81.4","11.0","-"
"82",7,"Oronde Gadsden II",LAC,"TE10","22","63","126","85.0","17.1","-"
"83",7,"Jordan Love",GB,"QB14","27","61","109","86.9","13.5","-"
"84",7,"Michael Wilson",ARI,"WR37","26","63","107","88.6","11.1","-"
"85",7,"Ricky Pearsall",SF,"WR38","25","73","110","90.0","10.2","-"
"86",7,"Dak Prescott",DAL,"QB15","32","56","170","92.2","23.0","-"
"87",7,"Bhayshul Tuten",JAC,"RB24","23","58","163","94.3","19.9","-"
"88",7,"RJ Harvey",DEN,"RB25","25","49","125","95.3","17.9","-"
"89",7,"Eli Stowers",PHI,"TE11","23","62","144","95.3","21.5","-"
"90",7,"Courtland Sutton",DEN,"WR39","30","75","126","96.2","13.8","-"
"91",7,"Davante Adams",LAR,"WR40","33","69","148","96.3","18.7","-"
"92",7,"Xavier Worthy",KC,"WR41","23","69","145","96.5","19.8","-"
"93",7,"Jakobi Meyers",JAC,"WR42","29","67","128","97.1","21.2","-"
"94",7,"Jake Ferguson",DAL,"TE12","27","74","142","97.7","17.0","-"
"95",7,"D'Andre Swift",CHI,"RB26","27","80","131","98.3","14.0","-"
"96",7,"Wan'Dale Robinson",TEN,"WR43","25","73","131","98.5","14.3","-"
"97",8,"Mike Evans",SF,"WR44","32","85","160","99.0","15.2","-"
"98",8,"Omar Cooper Jr.",NYJ,"WR45","22","57","170","100.5","26.4","-"
"99",8,"Dalton Kincaid",BUF,"TE13","26","74","157","101.2","22.9","-"
"100",8,"Jayden Higgins",HOU,"WR46","23","75","128","102.2","14.0","-"
"101",8,"Michael Pittman Jr.",PIT,"WR47","28","82","156","103.4","16.0","-"
"102",8,"Josh Downs",IND,"WR48","24","75","145","105.3","17.0","-"
"103",8,"Denzel Boston",CLE,"WR49","22","56","166","105.4","27.7","-"
"104",8,"Isaiah Likely",NYG,"TE14","26","78","176","105.7","24.6","-"
"105",8,"Baker Mayfield",TB,"QB16","31","90","155","107.3","15.8","-"
"106",8,"David Montgomery",HOU,"RB27","28","72","157","108.0","20.4","-"
"107",8,"Jayden Reed",GB,"WR50","26","82","128","110.3","12.7","-"
"108",8,"George Kittle",SF,"TE15","32","78","188","111.8","24.2","-"
"109",8,"Kyle Monangai",CHI,"RB28","23","88","181","112.5","20.0","-"
"110",8,"Parker Washington",JAC,"WR51","24","74","230","112.8","30.6","-"
"111",8,"Zach Charbonnet",SEA,"RB29","25","79","149","113.2","20.0","-"
"112",8,"Matthew Golden",GB,"WR52","22","92","131","113.3","9.6","-"
"113",8,"Quentin Johnston",LAC,"WR53","24","96","169","115.9","17.2","-"
"114",8,"Jaylen Warren",PIT,"RB30","27","90","156","116.8","17.3","-"
"115",8,"Brenton Strange",JAC,"TE16","25","77","157","118.0","20.2","-"
"116",8,"Chris Godwin Jr.",TB,"WR54","30","93","162","118.6","16.4","-"
"117",8,"Khalil Shakir",BUF,"WR55","26","97","158","118.7","14.3","-"
"118",8,"Jared Goff",DET,"QB17","31","91","174","119.2","17.9","-"
"119",8,"C.J. Stroud",HOU,"QB18","24","91","168","119.3","19.0","-"
"120",8,"Fernando Mendoza",LV,"QB19","22","89","159","119.5","21.2","-"
"121",8,"Cam Ward",TEN,"QB20","23","93","157","122.6","16.3","-"
"122",8,"Travis Hunter",JAC,"WR56","22","74","197","125.3","33.0","-"
"123",8,"Kyler Murray",MIN,"QB21","28","96","150","125.7","15.3","-"
"124",9,"Romeo Doubs",NE,"WR57","26","87","170","129.7","23.6","-"
"125",9,"Tyler Shough",NO,"QB22","26","95","150","130.1","14.7","-"
"126",9,"Rhamondre Stevenson",NE,"RB31","28","98","164","131.2","15.7","-"
"127",9,"Chuba Hubbard",CAR,"RB32","26","90","184","131.7","22.4","-"
"128",9,"Sam Darnold",SEA,"QB23","28","110","151","132.5","11.2","-"
"129",9,"Malik Willis",MIA,"QB24","26","99","163","135.3","14.7","-"
"130",9,"Rico Dowdle",PIT,"RB33","27","114","193","135.6","17.4","-"
"131",9,"Blake Corum",LAR,"RB34","25","102","191","135.8","22.0","-"
"132",9,"Tony Pollard",TEN,"RB35","29","95","168","138.9","20.6","-"
"133",9,"Jalen Coker",CAR,"WR58","24","119","178","140.3","18.3","-"
"134",9,"Mark Andrews",BAL,"TE17","30","114","232","143.3","29.6","-"
"135",9,"Rashid Shaheed",SEA,"WR59","27","120","180","144.3","16.8","-"
"136",9,"Antonio Williams",WAS,"WR60","21","68","215","145.1","35.0","-"
"137",9,"Bryce Young",CAR,"QB25","24","110","186","145.3","17.0","-"
"138",9,"Dallas Goedert",PHI,"TE18","31","114","210","145.4","28.6","-"
"139",9,"Jonah Coleman",DEN,"RB36","22","95","219","145.8","29.1","-"
"140",9,"Chris Bell",MIA,"WR61","21","102","194","146.1","25.4","-"
"141",9,"Daniel Jones",IND,"QB26","28","110","185","146.7","15.3","-"
"142",9,"Brandon Aiyuk",SF,"WR62","28","97","246","135.0","39.0","-"
"143",9,"Chig Okonkwo",WAS,"TE19","26","121","195","150.1","20.8","-"
"144",9,"Kenneth Gainwell",TB,"RB37","27","132","185","154.2","13.3","-"
"145",9,"Jauan Jennings",MIN,"WR63","28","115","209","141.5","21.8","-"
"146",9,"Jalen McMillan",TB,"WR64","24","98","249","154.7","34.5","-"
"147",9,"Germie Bernard",PIT,"WR65","22","103","194","155.7","23.8","-"
"148",9,"Jacory Croskey-Merritt",WAS,"RB38","25","128","200","156.3","16.0","-"
"149",9,"Tyrone Tracy Jr.",NYG,"RB39","26","120","202","157.2","19.7","-"
"150",9,"Jerry Jeudy",CLE,"WR66","27","124","225","159.0","24.8","-"
"151",9,"Terrance Ferguson",LAR,"TE20","23","121","260","160.6","29.7","-"
"152",9,"AJ Barner",SEA,"TE21","24","115","237","161.3","33.4","-"
"153",9,"Jaylin Noel",HOU,"WR67","23","125","283","161.7","35.4","-"
"154",9,"Ted Hurst",TB,"WR68","21","100","228","161.8","33.9","-"
"155",9,"Tyler Allgeier",ARI,"RB40","26","137","197","161.9","16.1","-"
"156",9,"Tre Harris",LAC,"WR69","24","116","259","163.3","35.3","-"
"157",9,"Juwan Johnson",NO,"TE22","29","114","216","163.8","24.8","-"
"158",9,"De'Zhaun Stribling",SF,"WR70","23","96","243","163.9","30.7","-"
"159",9,"J.K. Dobbins",DEN,"RB41","27","135","220","163.9","23.0","-"
"160",9,"Woody Marks",HOU,"RB42","25","100","209","166.0","25.6","-"
"161",10,"Matthew Stafford",LAR,"QB27","38","136","235","154.4","21.7","-"
"162",10,"Jordan Mason",MIN,"RB43","26","139","202","167.9","18.0","-"
"163",10,"Troy Franklin",DEN,"WR71","23","113","213","169.3","27.0","-"
"164",10,"Ty Simpson",LAR,"QB28","23","142","241","172.7","26.8","-"
"165",10,"Travis Kelce",KC,"TE23","36","125","234","173.9","23.4","-"
"166",10,"Pat Bryant",DEN,"WR72","23","131","274","175.2","39.8","-"
"167",10,"Chris Brazzell II",CAR,"WR73","22","110","232","176.9","29.8","-"
"168",10,"Kayshon Boutte",NE,"WR74","24","140","233","177.2","25.4","-"
"169",10,"Stefon Diggs",FA,"WR75","32","128","201","154.2","23.1","-"
"170",10,"Jonathon Brooks",CAR,"RB44","22","101","310","179.4","48.9","-"
"171",10,"Hunter Henry",NE,"TE24","31","116","262","179.5","28.9","-"
"172",10,"T.J. Hockenson",MIN,"TE25","28","123","294","179.5","36.7","-"
"173",10,"Elijah Sarratt",BAL,"WR76","22","122","282","182.3","35.4","-"
"174",10,"Rachaad White",WAS,"RB45","27","127","261","183.8","30.6","-"
"175",10,"Nick Singleton",TEN,"RB46","22","128","303","184.2","38.6","-"
"176",10,"Deebo Samuel Sr.",FA,"WR77","30","130","254","174.5","28.4","-"
"177",10,"Dalton Schultz",HOU,"TE26","29","120","253","186.5","32.4","-"
"178",10,"Emmett Johnson",KC,"RB47","22","131","298","186.7","40.0","-"
"179",10,"Tyjae Spears",TEN,"RB48","24","133","245","187.8","25.6","-"
"180",10,"Isaac TeSlaa",DET,"WR78","24","150","286","188.8","30.0","-"
"181",10,"Dylan Sampson",CLE,"RB49","21","165","251","190.1","20.8","-"
"182",10,"Max Klare",LAR,"TE27","22","144","263","193.9","29.3","-"
"183",10,"Skyler Bell",BUF,"WR79","23","148","240","194.1","21.3","-"
"184",10,"Malachi Fields",NYG,"WR80","22","131","280","194.8","32.7","-"
"185",10,"Kyle Williams",NE,"WR81","23","142","287","195.4","31.5","-"
"186",10,"J.J. McCarthy",MIN,"QB29","23","150","241","185.1","28.5","-"
"187",10,"Mason Taylor",NYJ,"TE28","22","144","320","195.9","40.9","-"
"188",10,"Michael Penix Jr.",ATL,"QB30","26","166","258","186.1","27.4","-"
"189",10,"Oscar Delp",NO,"TE29","22","121","264","197.1","40.3","-"
"190",10,"Mike Washington Jr.",LV,"RB50","22","139","326","197.1","36.6","-"
"191",10,"Chris Rodriguez Jr.",JAC,"RB51","26","140","298","197.8","39.0","-"
"192",10,"Adonai Mitchell",NYJ,"WR82","23","143","300","187.6","37.7","-"
"193",10,"Tank Dell",HOU,"WR83","26","155","245","199.8","22.6","-"
"194",10,"Aaron Jones Sr.",MIN,"RB52","31","158","283","200.2","29.6","-"
"195",10,"Zachariah Branch",ATL,"WR84","22","126","285","200.6","38.4","-"
"196",10,"Theo Johnson",NYG,"TE30","25","153","275","200.8","26.7","-"
"197",10,"Elic Ayomanor",TEN,"WR85","22","151","277","190.4","30.2","-"
"198",10,"Gunnar Helm",TEN,"TE31","23","153","304","190.8","34.7","-"
"199",10,"Kaytron Allen",WAS,"RB53","23","135","299","204.1","42.4","-"
"200",10,"Alvin Kamara",NO,"RB54","30","162","306","204.4","38.3","-"
"201",10,"Ja'Kobi Lane",BAL,"WR86","22","143","259","205.2","29.6","-"
"202",10,"Tyreek Hill",FA,"WR87","32","143","264","183.7","26.7","-"
"203",11,"Chimere Dike",TEN,"WR88","24","136","270","199.8","28.6","-"
"204",11,"Calvin Ridley",TEN,"WR89","31","118","260","203.9","36.7","-"
"205",11,"Tory Horton",SEA,"WR90","23","152","394","206.2","49.5","-"
"206",11,"Tank Bigsby",PHI,"RB55","23","177","301","217.8","31.8","-"
"207",11,"Shedeur Sanders",CLE,"QB31","24","166","286","209.8","33.0","-"
"208",11,"Isiah Pacheco",DET,"RB56","27","164","327","212.2","35.1","-"
"209",11,"Pat Freiermuth",PIT,"TE32","27","160","272","212.5","30.1","-"
"210",11,"Cade Otton",TB,"TE33","27","125","286","206.0","35.6","-"
"211",11,"David Njoku",FA,"TE34","29","157","296","217.9","37.1","-"
"212",11,"Braelon Allen",NYJ,"RB57","22","179","322","218.3","39.2","-"
"213",11,"Keon Coleman",BUF,"WR91","22","172","284","218.6","30.8","-"
"214",11,"Demond Claiborne",MIN,"RB58","22","147","341","227.9","50.5","-"
"215",11,"Tua Tagovailoa",ATL,"QB32","28","154","268","209.0","27.6","-"
"216",11,"Darnell Mooney",NYG,"WR92","28","162","239","202.0","20.8","-"
"217",11,"Dontayvion Wicks",PHI,"WR93","24","180","271","214.0","18.2","-"
"218",11,"Elijah Arroyo",SEA,"TE35","23","177","291","216.8","28.9","-"
"219",11,"Brian Robinson Jr.",ATL,"RB59","27","182","295","226.6","32.0","-"
"220",11,"Jack Bech",LV,"WR94","23","137","297","207.8","38.0","-"
"221",11,"Marvin Mims Jr.",DEN,"WR95","24","176","270","218.5","23.4","-"
"222",11,"Keaton Mitchell",LAC,"RB60","24","140","313","229.6","40.7","-"
"223",11,"Malik Washington",MIA,"WR96","25","172","278","231.0","27.7","-"
"224",11,"Trey Benson",ARI,"RB61","23","160","363","231.3","64.0","-"
"225",11,"Kimani Vidal",LAC,"RB62","24","182","303","222.9","27.6","-"
"226",11,"Kaleb Johnson",PIT,"RB63","22","161","274","223.3","27.7","-"
"227",11,"Tre Tucker",LV,"WR97","25","175","299","234.3","35.3","-"
"228",11,"Ray Davis",BUF,"RB64","26","197","314","235.0","31.0","-"
"229",11,"Rashod Bateman",BAL,"WR98","26","179","258","216.6","20.0","-"
"230",11,"Adam Randall",BAL,"RB65","21","171","346","249.1","46.5","-"
"231",11,"Jaylen Wright",MIA,"RB66","23","185","328","241.7","36.6","-"
"232",11,"Ollie Gordon II",MIA,"RB67","22","209","333","243.0","30.5","-"
"233",11,"Devin Neal",NO,"RB68","22","181","318","237.2","37.8","-"
"234",11,"James Conner",ARI,"RB69","31","176","386","248.0","56.7","-"
"235",11,"Christian Kirk",SF,"WR99","29","194","349","242.8","39.1","-"
"236",11,"Emanuel Wilson",SEA,"RB70","27","178","333","243.1","38.5","-"
"237",11,"Sean Tucker",TB,"RB71","24","197","321","254.4","35.8","-"
"238",11,"Geno Smith",NYJ,"QB33","35","205","261","230.6","15.7","-"
"239",11,"Xavier Legette",CAR,"WR100","25","209","280","240.8","20.9","-"
"240",11,"Cedric Tillman",CLE,"WR101","26","177","326","244.7","37.5","-"
"241",11,"Anthony Richardson Sr.",IND,"QB34","23","204","328","236.5","30.8","-"
"242",12,"Jaydon Blue",DAL,"RB72","22","205","328","263.9","36.3","-"
"243",12,"Keenan Allen",LAC,"WR102","34","201","373","245.4","36.1","-"
"244",12,"DeMario Douglas",NE,"WR103","25","214","399","255.3","41.6","-"
"245",12,"Cooper Kupp",SEA,"WR104","32","208","372","256.5","44.4","-"
"246",12,"Aaron Rodgers",FA,"QB35","42","166","350","250.9","44.2","-"
"247",12,"Devaughn Vele",NO,"WR105","28","240","364","268.9","38.0","-"
"248",12,"Seth McGowan",IND,"RB73","24","180","385","282.1","46.1","-"
"249",12,"Tez Johnson",TB,"WR106","23","209","343","254.7","30.3","-"
"250",12,"Mac Jones",SF,"QB36","27","167","350","237.1","40.0","-"
"251",12,"Eli Raridon",NE,"TE36","22","117","265","197.9","43.9","-"
"252",12,"Jalen Nailor",LV,"WR107","27","179","344","241.6","42.6","-"
"253",12,"Jacoby Brissett",ARI,"QB37","33","184","258","232.5","20.4","-"
"254",12,"Brashard Smith",KC,"RB74","23","207","363","284.4","45.1","-"
"255",12,"Jalen Royals",KC,"WR108","23","211","352","269.9","36.5","-"
"256",12,"Justin Fields",KC,"QB38","27","204","282","244.2","21.2","-"
"257",12,"Michael Mayer",LV,"TE37","24","207","341","256.0","38.3","-"
"258",12,"Hollywood Brown",PHI,"WR109","28","189","395","266.8","52.2","-"
"259",12,"Najee Harris",LAC,"RB75","28","224","382","289.7","35.5","-"
"260",12,"Isaiah Davis",NYJ,"RB76","24","227","341","284.2","27.1","-"
"261",12,"J'Mari Taylor",JAC,"RB77","24","262","368","303.1","34.3","-"
"262",12,"Jarquez Hunter",LAR,"RB78","23","226","361","287.4","36.5","-"
"263",12,"Evan Engram",DEN,"TE38","31","202","354","264.1","45.6","-"
"264",12,"MarShawn Lloyd",GB,"RB79","25","231","327","281.6","27.8","-"
"265",12,"Roman Hemby",LV,"RB80","23","272","398","306.0","43.3","-"
"266",12,"Isaiah Bond",CLE,"WR110","22","241","382","282.3","45.5","-"
"267",12,"Carson Beck",ARI,"QB39","23","217","289","255.3","19.2","-"
"268",12,"Ryan Flournoy",DAL,"WR111","26","196","308","256.7","33.9","-"
"269",12,"Denver Broncos",DEN,"DST1","-","223","246","231.8","5.7","-"
"270",12,"Kaelon Black",SF,"RB81","24","185","327","247.6","49.5","-"
"271",12,"Kendre Miller",NO,"RB82","23","222","364","298.9","37.8","-"
"272",12,"Justin Joly",DEN,"TE39","21","130","325","235.3","67.1","-"
"273",12,"DJ Giddens",IND,"RB83","22","232","357","287.6","34.9","-"
"274",12,"Garrett Nussmeier",KC,"QB40","24","276","341","310.9","23.6","-"
"275",12,"Bryce Lance",NO,"WR112","23","162","291","221.2","40.7","-"
"276",12,"Ben Sinnott",WAS,"TE40","23","195","341","252.3","42.0","-"
"277",12,"Houston Texans",HOU,"DST2","-","226","266","240.9","11.3","-"
"278",12,"Kirk Cousins",LV,"QB41","37","236","289","255.5","15.7","-"
"279",12,"Philadelphia Eagles",PHI,"DST3","-","231","278","244.6","13.6","-"
"280",12,"Isaac Guerendo",SF,"RB84","25","224","345","288.0","36.3","-"
"281",12,"Jalen Milroe",SEA,"QB42","23","246","351","270.7","31.2","-"
"282",12,"Darius Slayton",NYG,"WR113","29","225","375","275.2","45.8","-"
"283",12,"Trevor Etienne",CAR,"RB85","21","228","388","291.1","41.0","-"
"284",12,"Mike Gesicki",CIN,"TE41","30","219","335","273.4","38.6","-"
"285",12,"Pittsburgh Steelers",PIT,"DST4","-","234","323","263.3","23.9","-"
"286",12,"Brandon Aubrey",DAL,"K1","31","237","287","250.7","12.7","-"
"287",13,"Los Angeles Rams",LAR,"DST5","-","248","303","265.4","17.4","-"
"288",13,"Jordan James",SF,"RB86","22","218","362","286.5","48.6","-"
"289",13,"Will Shipley",PHI,"RB87","23","247","328","296.3","21.7","-"
"290",13,"Tahj Brooks",CIN,"RB88","24","251","339","296.4","26.2","-"
"291",13,"Darnell Washington",PIT,"TE42","24","200","324","267.9","40.8","-"
"292",13,"Deshaun Watson",CLE,"QB43","30","224","345","269.4","33.4","-"
"293",13,"Jerome Ford",WAS,"RB89","26","241","393","305.6","44.5","-"
"294",13,"Cam Little",JAC,"K2","22","240","308","258.2","20.9","-"
"295",13,"Devin Singletary",NYG,"RB90","28","226","332","291.5","29.1","-"
"296",13,"Seattle Seahawks",SEA,"DST6","-","234","314","263.3","26.2","-"
"297",13,"Joshua Palmer",BUF,"WR114","26","213","377","286.5","47.3","-"
"298",13,"Minnesota Vikings",MIN,"DST7","-","239","297","276.9","15.6","-"
"299",13,"Ja'Tavion Sanders",CAR,"TE43","23","216","344","277.8","39.1","-"
"300",13,"Detroit Lions",DET,"DST8","-","245","347","279.3","29.9","-"
"301",13,"Andrei Iosivas",CIN,"WR115","26","238","327","280.9","24.7","-"
"302",13,"Greg Dulcich",MIA,"TE44","26","207","311","254.6","37.9","-"
"303",13,"Cameron Dicker",LAC,"K3","26","239","324","269.5","25.7","-"
"304",13,"Brenen Thompson",LAC,"WR116","22","179","345","236.9","52.6","-"
"305",13,"Eli Heidenreich",PIT,"RB91","22","188","358","283.0","47.0","-"
"306",13,"Colby Parkinson",LAR,"TE45","27","213","359","271.3","41.5","-"
"307",13,"Cole Kmet",CHI,"TE46","27","199","317","272.6","36.2","-"
"308",13,"Dont'e Thornton Jr.",LV,"WR117","23","241","398","294.9","49.0","-"
"309",13,"Will Reichard",MIN,"K4","25","241","318","259.8","21.4","-"
"310",13,"Kansas City Chiefs",KC,"DST9","-","236","330","290.0","26.2","-"
"311",13,"Caleb Douglas",MIA,"WR118","22","202","310","266.7","34.9","-"
"312",13,"LeQuint Allen Jr.",JAC,"RB92","21","227","367","315.8","44.5","-"
"313",13,"Michael Trigg",DAL,"TE47","23","232","393","341.7","53.7","-"
"314",13,"Quinn Ewers",MIA,"QB44","23","258","354","284.3","28.7","-"
"315",13,"Harrison Butker",KC,"K5","30","250","359","284.5","38.6","-"
"316",13,"Jameis Winston",NYG,"QB45","32","257","359","285.0","32.9","-"
"317",13,"Chris Boswell",PIT,"K6","35","256","343","285.2","23.9","-"
"318",13,"Kevin Coleman Jr.",MIA,"WR119","22","190","300","238.3","35.0","-"
"319",13,"Sam Roush",CHI,"TE48","22","221","322","288.1","31.9","-"
"320",13,"Chris Brooks",GB,"RB93","26","242","336","298.4","25.9","-"
"321",13,"Baltimore Ravens",BAL,"DST10","-","264","345","299.0","24.2","-"
"322",13,"Marcus Mariota",WAS,"QB46","32","254","357","277.8","29.8","-"
"323",13,"Jason Myers",SEA,"K7","35","243","353","290.1","31.7","-"
"324",13,"Ka'imi Fairbairn",HOU,"K8","32","251","324","278.0","21.8","-"
"325",13,"Wil Lutz",DEN,"K9","31","266","340","290.6","24.1","-"
"326",13,"Green Bay Packers",GB,"DST11","-","266","337","292.6","20.4","-"
"327",13,"Drew Allar",PIT,"QB47","22","243","338","294.5","31.6","-"
"328",13,"Chase McLaughlin",TB,"K10","30","269","326","294.9","20.2","-"
"329",13,"Taylen Green",CLE,"QB48","23","256","338","285.8","27.7","-"
"330",13,"Evan McPherson",CIN,"K11","26","263","339","297.5","19.6","-"
"331",13,"Cade Klubnik",NYJ,"QB49","22","252","344","286.8","30.4","-"
"332",13,"Luke McCaffrey",WAS,"WR120","25","257","377","307.9","42.9","-"
"333",13,"Cole Payton",PHI,"QB50","23","238","312","274.1","22.7","-"
"334",13,"Jake Moody",WAS,"K12","26","251","364","289.6","32.3","-"
"335",13,"Tanner Koziol",JAC,"TE49","22","179","352","292.1","50.5","-"
"336",13,"Savion Williams",GB,"WR121","24","251","352","294.4","32.2","-"
"337",13,"Justice Hill",BAL,"RB94","28","262","369","316.0","31.8","-"
"338",13,"Jalen Tolbert",MIA,"WR122","27","243","358","297.6","39.0","-"
"339",13,"Will Howard",PIT,"QB51","24","262","357","309.6","31.7","-"
"340",13,"Jake Tonges",SF,"TE50","26","218","353","288.1","48.5","-"
"341",13,"Jake Bates",DET,"K13","27","285","331","302.2","15.6","-"
"342",13,"Jordan Whittington",LAR,"WR123","25","262","400","329.1","45.4","-"
"343",13,"Tyler Loop",BAL,"K14","24","253","315","278.4","21.4","-"
"344",13,"Joshua Karty",ARI,"K15","24","257","365","294.1","29.0","-"
"345",13,"Buffalo Bills",BUF,"DST12","-","247","323","279.7","25.1","-"
"346",13,"Jaylin Lane",WAS,"WR124","24","274","337","307.8","26.8","-"
"347",13,"New England Patriots",NE,"DST13","-","279","309","297.0","11.7","-"
"348",13,"Jacksonville Jaguars",JAC,"DST14","-","228","337","285.0","41.3","-"
"349",13,"Marlin Klein",HOU,"TE51","23","262","351","303.0","29.7","-"
"350",14,"Los Angeles Chargers",LAC,"DST15","-","278","327","305.8","15.1","-"
"351",14,"Roman Wilson",PIT,"WR125","24","254","318","277.5","21.6","-"
"352",14,"Calvin Austin III",NYG,"WR126","27","248","382","297.3","42.9","-"
"353",14,"Joe Mixon",FA,"RB95","29","252","334","297.7","28.3","-"
"354",14,"Cleveland Browns",CLE,"DST16","-","288","330","311.5","11.7","-"
"355",14,"John Metchie III",CAR,"WR127","25","265","370","314.4","29.8","-"
"356",14,"Tyler Higbee",LAR,"TE52","33","284","380","324.3","34.3","-"
"357",14,"Jahan Dotson",ATL,"WR128","26","261","346","303.0","31.1","-"
"358",14,"Kareem Hunt",FA,"RB96","30","278","381","326.7","31.2","-"
"359",14,"Jack Endries",CIN,"TE53","22","242","360","309.6","41.0","-"
"360",14,"Joe Milton III",DAL,"QB52","26","267","362","309.7","36.4","-"
"361",14,"Jaleel McLaughlin",DEN,"RB97","25","294","370","321.3","24.5","-"
"362",14,"Tyquan Thornton",KC,"WR129","25","280","377","313.6","31.5","-"
"363",14,"Audric Estime",NO,"RB98","22","284","382","324.9","32.9","-"
"364",14,"Elijah Moore",PHI,"WR130","26","270","331","300.8","23.0","-"
"365",14,"Jonnu Smith",FA,"TE54","30","255","375","301.2","45.8","-"
"366",14,"Tyson Bagent",CHI,"QB53","25","244","334","281.4","29.5","-"
"367",14,"Spencer Rattler",NO,"QB54","25","267","366","302.8","35.6","-"
"368",14,"Riley Leonard",IND,"QB55","23","269","355","317.4","27.9","-"
"369",14,"Konata Mumpfield",LAR,"WR131","23","211","356","285.2","59.2","-"
"370",14,"Noah Fant",NO,"TE55","28","279","343","304.8","24.7","-"
"371",14,"Jake Elliott",PHI,"K16","31","284","372","320.0","26.5","-"
"372",14,"Nick Chubb",FA,"RB99","30","231","344","288.8","42.5","-"
"373",14,"Blake Grupe",IND,"K17","27","276","311","289.4","12.2","-"
"374",14,"Russell Wilson",FA,"QB56","37","260","352","323.0","33.7","-"
"375",14,"Matthew Hibner",BAL,"TE56","24","195","355","292.0","64.3","-"
"376",14,"Deion Burks",IND,"WR132","23","221","350","296.2","48.5","-"
"377",14,"Joe Flacco",CIN,"QB57","41","282","349","326.3","22.0","-"
"378",14,"San Francisco 49ers",SF,"DST17","-","258","328","298.8","33.4","-"
"379",14,"Andy Borregales",NE,"K18","23","274","332","299.4","24.5","-"
"380",14,"Ty Johnson",BUF,"RB100","28","254","347","301.8","38.4","-"
"381",14,"Tyler Bass",BUF,"K19","29","283","360","318.8","25.6","-"
"382",14,"Raheim Sanders",CLE,"RB101","23","266","356","304.4","33.8","-"
"383",14,"Dyami Brown",WAS,"WR133","26","285","383","333.7","36.7","-"
"384",14,"New Orleans Saints",NO,"DST18","-","257","349","307.0","41.7","-"
"385",14,"Noah Gray",KC,"TE57","27","271","366","322.7","32.8","-"
"386",14,"Eric Rivers",TB,"WR134","-","248","369","307.8","48.1","-"
"387",14,"Kendrick Bourne",ARI,"WR135","30","268","385","307.8","42.6","-"
"388",14,"Chicago Bears",CHI,"DST19","-","242","353","285.8","46.8","-"
"389",14,"Washington Commanders",WAS,"DST20","-","290","323","309.4","11.1","-"
"390",14,"CJ Daniels",LAR,"WR136","24","236","378","311.0","50.4","-"
"391",14,"Luke Musgrave",GB,"TE58","25","294","373","339.4","24.6","-"
"392",14,"Tanner McKee",PHI,"QB58","26","260","323","293.8","26.5","-"
"393",14,"Tutu Atwell",MIA,"WR137","26","274","396","340.3","45.3","-"
"394",14,"Will Levis",TEN,"QB59","26","249","332","296.5","31.4","-"
"395",14,"Jam Miller",NE,"RB102","-","222","416","322.0","76.1","-"
"396",14,"George Holani",SEA,"RB103","26","236","379","319.8","63.4","-"
"397",14,"Trey Lance",LAC,"QB60","26","276","379","334.8","31.9","-"
"398",14,"KaVontae Turpin",DAL,"WR138","29","240","377","304.3","49.0","-"
"399",14,"New York Giants",NYG,"DST21","-","285","362","304.3","33.3","-"
"400",14,"Cyrus Allen",KC,"WR139","23","227","367","305.3","51.9","-"
"401",14,"Tai Felton",MIN,"WR140","23","274","366","305.3","35.8","-"
"402",14,"Dillon Gabriel",CLE,"QB61","25","268","396","338.3","44.8","-"
"403",14,"Daniel Carlson",LV,"K20","31","286","363","308.8","31.8","-"
"404",14,"KeAndre Lambert-Smith",LAC,"WR141","24","270","390","340.5","48.3","-"
"405",14,"Jalin Hyatt",NYG,"WR142","24","271","406","312.0","54.9","-"
"406",14,"Josh Cameron",JAC,"WR143","23","226","378","311.0","54.6","-"
"407",14,"Terion Stewart",KC,"RB104","24","211","391","311.3","74.4","-"
"408",14,"Tyler Lockett",LV,"WR144","33","245","365","311.8","43.6","-"
"409",14,"Jason Sanders",NYG,"K21","30","293","332","312.5","19.5","-"
"410",14,"Dallas Cowboys",DAL,"DST22","-","280","361","312.8","34.5","-"
"411",14,"Robert Henry Jr.",WAS,"RB105","-","210","388","313.5","72.6","-"
"412",14,"Miles Sanders",FA,"RB106","29","279","361","314.8","30.8","-"
"413",14,"Tyler Conklin",DET,"TE59","30","281","372","314.8","34.4","-"
"414",14,"Barion Brown",NO,"WR145","22","285","379","332.6","35.2","-"
"415",14,"DeAndre Hopkins",BAL,"WR146","33","283","371","332.8","28.9","-"
"416",14,"Xavier Restrepo",TEN,"WR147","24","260","392","316.5","52.4","-"
"417",14,"Mack Hollins",NE,"WR148","32","271","363","316.8","33.2","-"
"418",14,"Roschon Johnson",CHI,"RB107","25","265","384","334.2","44.1","-"
"419",14,"Brandon McManus",FA,"K22","34","281","302","290.7","8.7","-"
"420",14,"Zach Ertz",FA,"TE60","35","263","374","334.8","38.6","-"
"421",14,"Le'Veon Moss",MIA,"RB108","-","275","440","343.0","60.0","-"
"422",15,"Eric McAlister",FA,"WR149","-","237","400","319.8","66.5","-"
"423",15,"Davis Mills",HOU,"QB62","27","288","387","336.0","39.0","-"
"424",15,"Malik Benson",LV,"WR150","23","240","359","295.0","49.0","-"
"425",15,"Nate Boerkircher",JAC,"TE61","24","257","376","338.6","42.9","-"
"426",15,"Zavion Thomas",CHI,"WR151","22","230","396","339.4","57.1","-"
"427",15,"Demarcus Robinson",SF,"WR152","31","254","384","326.0","50.3","-"
"428",15,"Dawson Knox",BUF,"TE62","29","317","364","341.6","15.7","-"
"429",15,"Will Kacmarek",MIA,"TE63","23","265","379","327.3","51.0","-"
"430",15,"Gardner Minshew II",ARI,"QB63","30","247","367","329.8","49.1","-"
"431",15,"Daniel Bellinger",TEN,"TE64","25","263","398","330.3","55.9","-"
"432",15,"Curtis Samuel",FA,"WR153","29","258","401","308.7","65.4","-"
"433",15,"Jeff Caldwell",KC,"WR154","23","293","383","345.8","36.5","-"
"434",15,"Erick All Jr.",CIN,"TE65","25","331","374","345.8","15.3","-"
"435",15,"Aidan O'Connell",LV,"QB64","27","259","369","333.8","44.6","-"
"436",15,"Joe Royer",CLE,"TE66","24","282","395","348.4","38.3","-"
"437",15,"Mitchell Evans",CAR,"TE67","23","319","372","348.6","19.6","-"
"438",15,"Arizona Cardinals",ARI,"DST23","-","248","302","275.0","27.0","-"
"439",15,"Damien Martinez",GB,"RB109","22","273","387","318.7","49.2","-"
"440",15,"Aaron Anderson",CLE,"WR155","23","247","425","327.0","73.8","-"
"441",15,"Luke Schoonmaker",DAL,"TE68","27","303","447","351.0","56.9","-"
"442",15,"Gabe Davis",FA,"WR156","27","232","389","319.3","65.3","-"
"443",15,"Jeremy McNichols",WAS,"RB110","30","268","403","320.7","59.0","-"
"444",15,"Brandin Cooks",FA,"WR157","32","240","393","321.0","62.8","-"
"445",15,"Taysom Hill",FA,"TE69","35","253","404","322.7","62.2","-"
"446",15,"Devontez Walker",BAL,"WR158","24","307","375","348.5","26.8","-"
"447",15,"Dameon Pierce",PHI,"RB111","26","288","430","341.3","63.1","-"
"448",15,"Bam Knight",ARI,"RB112","25","304","418","362.8","42.3","-"
"449",15,"Mason Rudolph",PIT,"QB65","30","309","347","332.0","16.5","-"
"450",15,"Phil Mafah",DAL,"RB113","23","229","373","301.0","72.0","-"
"451",15,"Treylon Burks",WAS,"WR159","26","298","446","352.3","66.5","-"
"452",15,"Diontae Johnson",FA,"WR160","29","226","386","306.0","80.0","-"
"453",15,"Charlie Kolar",LAC,"TE70","27","244","460","358.0","88.6","-"
"454",15,"Nick Westbrook-Ikhine",IND,"WR161","29","270","408","356.5","52.6","-"
"455",15,"Jermaine Burton",FA,"WR162","24","234","390","312.0","78.0","-"
"456",15,"Mitchell Trubisky",TEN,"QB66","31","305","362","342.7","26.6","-"
"457",15,"Eddy Pineiro",SF,"K23","30","308","320","314.0","6.0","-"
"458",15,"Jarrett Stidham",DEN,"QB67","29","246","397","343.7","69.2","-"
"459",15,"Jimmy Horn Jr.",CAR,"WR163","23","316","466","374.3","57.9","-"
"460",15,"Ja'Lynn Polk",NO,"WR164","24","261","394","344.3","59.3","-"
"461",15,"Isaiah Hodgins",NYG,"WR165","27","314","448","360.0","62.3","-"
"462",15,"Jordan Watkins",SF,"WR166","24","286","382","344.7","42.0","-"
"463",15,"Dae'Quan Wright",PHI,"TE71","22","293","424","365.0","46.8","-"
"464",15,"RJ Maryland",GB,"TE72","21","240","421","330.5","90.5","-"
"465",15,"Tyler Huntley",BAL,"QB68","28","334","358","347.3","10.0","-"
"466",15,"Van Jefferson",WAS,"WR167","29","299","433","358.0","55.9","-"
"467",15,"Javon Baker",FA,"WR168","24","247","397","322.0","75.0","-"
"468",15,"Tommy Tremble",CAR,"TE73","25","249","399","324.0","75.0","-"
"469",15,"Tyren Montgomery",TEN,"WR169","24","325","384","363.3","23.9","-"
"470",15,"Jaydn Ott",KC,"RB114","23","271","467","372.7","80.2","-"
"471",15,"Antonio Gibson",FA,"RB115","27","300","427","360.0","52.1","-"
"472",15,"Chase Roberts",LV,"WR170","25","296","435","363.7","56.8","-"
"473",15,"Josh Oliver",MIN,"TE74","29","342","437","374.5","36.9","-"
"474",15,"Efton Chism III",NE,"WR171","24","269","439","369.0","72.6","-"
"475",15,"Samaje Perine",CIN,"RB116","30","315","402","358.3","35.5","-"
"476",15,"Austin Hooper",ATL,"TE75","31","316","423","365.7","44.0","-"
"477",15,"Emari Demercado",KC,"RB117","27","324","411","377.4","30.0","-"
"478",15,"Will Dissly",FA,"TE76","29","274","413","343.5","69.5","-"
"479",15,"Malachi Corley",CLE,"WR172","24","275","414","344.5","69.5","-"
"480",15,"Darren Waller",FA,"TE77","33","313","461","382.3","60.8","-"
"481",15,"Austin Ekeler",FA,"RB118","31","286","426","356.0","70.0","-"
"482",15,"Olamide Zaccheaus",ATL,"WR173","28","311","432","374.7","49.6","-"
"483",15,"Cade Stover",HOU,"TE78","25","294","405","349.5","55.5","-"
"484",16,"Khalil Herbert",FA,"RB119","28","302","429","365.5","63.5","-"
"485",16,"Raheem Mostert",LV,"RB120","34","302","438","370.0","68.0","-"
"486",16,"Kenny Pickett",CAR,"QB69","27","346","358","352.0","6.0","-"
"487",16,"Jacob Cowing",SF,"WR174","25","305","409","357.0","52.0","-"
"488",16,"Kalif Raymond",CHI,"WR175","31","310","443","376.5","66.5","-"
"489",16,"Kendrick Law",DET,"WR176","22","313","407","360.0","47.0","-"
"490",16,"Jake Bobo",SEA,"WR177","27","313","497","405.0","92.0","-"
"491",16,"Reggie Virgil",ARI,"WR178","22","315","410","362.5","47.5","-"
"492",16,"Riley Nowakowski",PIT,"TE79","23","317","412","364.5","47.5","-"
"493",16,"Foster Moreau",HOU,"TE80","29","318","511","414.5","96.5","-"
"494",16,"Seydou Traore",MIA,"TE81","23","320","417","368.5","48.5","-"
"495",16,"Adam Trautman",DEN,"TE82","29","321","479","400.0","79.0","-"
"496",16,"Rasheen Ali",BAL,"RB121","25","322","494","408.0","86.0","-"
"497",16,"Isaiah Williams",NYJ,"WR179","25","323","450","386.5","63.5","-"
"498",16,"Noah Brown",FA,"WR180","30","331","451","391.0","60.0","-"
"499",16,"Josh Reynolds",FA,"WR181","31","332","452","392.0","60.0","-"
"500",16,"Elijah Higgins",ARI,"TE83","25","343","442","392.0","40.4","-"
"501",16,"JuJu Smith-Schuster",FA,"WR182","29","333","453","393.0","60.0","-"
"502",16,"Dallen Bentley",DEN,"TE84","25","354","415","383.3","25.0","-"
"503",16,"Sterling Shepard",FA,"WR183","33","334","454","394.0","60.0","-"
"504",16,"Tyrell Shavers",BUF,"WR184","26","337","455","396.0","59.0","-"
"505",16,"Josh Cuevas",BAL,"TE85","22","352","419","387.0","27.4","-"
"506",16,"Brevin Jordan",HOU,"TE86","25","341","512","426.5","85.5","-"
"507",16,"Jimmy Garoppolo",LAR,"QB70","34","362","384","373.0","11.0","-"
"508",16,"Colbie Young",CIN,"WR185","23","346","420","383.0","37.0","-"
"509",16,"Jaren Kanak",TEN,"TE87","22","348","428","388.0","40.0","-"
"510",16,"Carsen Ryan",CLE,"TE88","22","356","422","389.0","33.0","-"
"511",16,"Jared Wiley",KC,"TE89","25","359","434","396.5","37.5","-"
"512",16,"Theo Wease Jr.",MIA,"WR186","24","363","456","409.5","46.5","-"
"513",16,"Xavier Hutchinson",HOU,"WR187","25","364","457","410.5","46.5","-"
"514",16,"Dohnte Meyers",CIN,"WR188","25","366","458","412.0","46.0","-"
"515",16,"Damien Alford",NO,"WR189","25","367","459","413.0","46.0","-"
"516",16,"Kaden Wetjen",PIT,"WR190","24","369","431","400.0","31.0","-"
"517",16,"Dean Connors",LAR,"RB122","22","370","445","407.5","37.5","-"
"518",16,"Jeremy Ruckert",NYJ,"TE90","25","376","441","408.5","32.5","-"
"519",16,"Jared Wayne",HOU,"WR191","25","376","462","419.0","43.0","-"
"520",16,"Kevin Austin Jr.",NO,"WR192","26","377","463","420.0","43.0","-"
"521",16,"Jahdae Walker",CHI,"WR193","23","378","464","421.0","43.0","-"
"522",16,"Lil'Jordan Humphrey",DEN,"WR194","28","379","465","422.0","43.0","-"
"523",16,"Malik Davis",DAL,"RB123","27","383","470","426.5","43.5","-"
"524",16,"Jamari Thrash",CLE,"WR195","25","385","468","426.5","41.5","-"
"525",16,"Greg Dortch",DET,"WR196","27","386","469","427.5","41.5","-"
"526",16,"Grant Calcaterra",PHI,"TE91","27","388","449","418.5","30.5","-"
"527",16,"Thomas Fidone II",NYG,"TE92","23","394","444","419.0","25.0","-"
