"RK",TIERS,"PLAYER NAME",TEAM,"POS","BEST","WORST","AVG.","STD.DEV","ECR VS. ADP"
"1",1,"Josh Allen",BUF,"QB1","1","2","1.0","0.2","-"
"2",1,"Lamar Jackson",BAL,"QB2","2","4","2.3","0.5","-"
"3",1,"Drake Maye",NE,"QB3","2","5","3.2","0.8","-"
"4",2,"Joe Burrow",CIN,"QB4","2","9","4.6","1.7","-"
"5",2,"Jayden Daniels",WAS,"QB5","3","18","5.7","2.7","-"
"6",2,"Ja'Marr Chase",CIN,"WR1","6","12","6.7","1.8","-"
"7",2,"Jalen Hurts",PHI,"QB6","4","16","6.8","2.1","-"
"8",3,"Bijan Robinson",ATL,"RB1","10","15","10.7","1.5","-"
"9",3,"Puka Nacua",LAR,"WR2","6","17","11.0","2.1","-"
"10",3,"Justin Herbert",LAC,"QB7","7","29","11.6","5.5","-"
"11",3,"Jaxson Dart",NYG,"QB8","8","26","11.9","5.5","-"
"12",3,"Jaxon Smith-Njigba",SEA,"WR3","11","15","11.9","0.7","-"
"13",3,"Jahmyr Gibbs",DET,"RB2","10","42","13.9","5.5","-"
"14",3,"Caleb Williams",CHI,"QB9","5","26","14.6","5.2","-"
"15",3,"Trevor Lawrence",JAC,"QB10","7","26","15.1","4.5","-"
"16",3,"Dak Prescott",DAL,"QB11","9","23","16.3","3.4","-"
"17",4,"Amon-Ra St. Brown",DET,"WR4","12","41","18.5","5.3","-"
"18",4,"CeeDee Lamb",DAL,"WR5","14","43","18.6","5.7","-"
"19",4,"Christian McCaffrey",SF,"RB3","13","42","19.2","7.3","-"
"20",4,"Brock Purdy",SF,"QB12","11","26","20.2","3.9","-"
"21",4,"Justin Jefferson",MIN,"WR6","14","44","21.6","4.9","-"
"22",4,"Jonathan Taylor",IND,"RB4","15","45","22.0","6.0","-"
"23",4,"Drake London",ATL,"WR7","21","47","24.8","4.6","-"
"24",4,"Patrick Mahomes II",KC,"QB13","16","41","25.9","5.9","-"
"25",4,"Matthew Stafford",LAR,"QB14","16","38","27.4","6.2","-"
"26",4,"Bo Nix",DEN,"QB15","15","41","28.4","5.7","-"
"27",4,"Malik Nabers",NYG,"WR8","23","52","28.4","7.1","-"
"28",5,"Nico Collins",HOU,"WR9","24","49","29.4","5.7","-"
"29",5,"Rashee Rice",KC,"WR10","21","47","30.9","7.2","-"
"30",5,"De'Von Achane",MIA,"RB5","22","55","31.8","9.3","-"
"31",5,"Trey McBride",ARI,"TE1","31","51","34.1","5.0","-"
"32",5,"George Pickens",DAL,"WR11","27","50","34.8","4.3","-"
"33",5,"James Cook III",BUF,"RB6","15","48","34.9","8.5","-"
"34",5,"Ashton Jeanty",LV,"RB7","22","51","35.3","7.2","-"
"35",5,"Chris Olave",NO,"WR12","24","62","36.8","10.3","-"
"36",5,"A.J. Brown",PHI,"WR13","27","57","38.3","7.0","-"
"37",5,"Brock Bowers",LV,"TE2","31","57","38.3","5.2","-"
"38",5,"Jared Goff",DET,"QB16","18","55","39.2","9.2","-"
"39",5,"Chase Brown",CIN,"RB8","25","48","39.3","5.6","-"
"40",5,"Kyler Murray",MIN,"QB17","17","64","41.7","13.6","-"
"41",6,"Jordan Love",GB,"QB18","24","56","43.3","10.3","-"
"42",6,"Omarion Hampton",LAC,"RB9","33","62","43.5","7.2","-"
"43",6,"Tetairoa McMillan",CAR,"WR14","35","57","44.7","5.5","-"
"44",6,"Saquon Barkley",PHI,"RB10","37","66","44.8","5.8","-"
"45",6,"Malik Willis",MIA,"QB19","29","70","45.4","11.7","-"
"46",6,"Tyler Shough",NO,"QB20","26","60","46.7","10.8","-"
"47",6,"Garrett Wilson",NYJ,"WR15","43","65","47.8","6.0","-"
"48",6,"Baker Mayfield",TB,"QB21","23","60","48.2","10.2","-"
"49",6,"Kenneth Walker III",KC,"RB11","37","77","48.4","8.3","-"
"50",6,"Tee Higgins",CIN,"WR16","36","70","49.8","6.7","-"
"51",6,"DeVonta Smith",PHI,"WR17","34","72","50.8","11.7","-"
"52",6,"Josh Jacobs",GB,"RB12","42","74","53.9","6.5","-"
"53",6,"Jeremiyah Love",ARI,"RB13","33","77","55.8","10.5","-"
"54",7,"Ladd McConkey",LAC,"WR18","43","79","56.9","8.3","-"
"55",7,"Zay Flowers",BAL,"WR19","36","73","57.3","8.1","-"
"57",7,"C.J. Stroud",HOU,"QB22","25","70","59.2","8.4","-"
"58",7,"Jaylen Waddle",DEN,"WR21","44","77","59.3","9.0","-"
"59",7,"Colston Loveland",CHI,"TE3","47","90","60.3","16.2","-"
"60",7,"Sam Darnold",SEA,"QB23","26","76","60.8","9.4","-"
"61",7,"Derrick Henry",BAL,"RB14","48","80","60.9","6.0","-"
"62",7,"Breece Hall",NYJ,"RB15","48","77","62.5","7.9","-"
"63",7,"Davante Adams",LAR,"WR22","45","93","63.1","10.0","-"
"64",7,"Terry McLaurin",WAS,"WR23","52","76","63.6","6.4","-"
"65",7,"Emeka Egbuka",TB,"WR24","45","82","66.2","8.1","-"
"66",7,"Travis Etienne Jr.",NO,"RB16","54","77","66.5","5.9","-"
"67",7,"Bryce Young",CAR,"QB24","28","83","66.5","9.5","-"
"68",7,"Kyren Williams",LAR,"RB17","54","79","67.2","8.8","-"
"69",7,"Javonte Williams",DAL,"RB18","46","81","68.2","10.6","-"
"70",7,"Cam Ward",TEN,"QB25","33","83","69.6","9.3","-"
"71",7,"Mike Evans",SF,"WR25","52","81","69.9","7.2","-"
"72",7,"Jameson Williams",DET,"WR26","59","90","70.9","7.7","-"
"73",7,"Bucky Irving",TB,"RB19","48","87","71.1","8.7","-"
"74",7,"Tyler Warren",IND,"TE4","47","93","71.5","16.3","-"
"75",8,"Daniel Jones",IND,"QB26","27","183","78.0","23.7","-"
"76",8,"Cam Skattebo",NYG,"RB20","65","99","79.1","7.8","-"
"77",8,"Christian Watson",GB,"WR27","63","110","79.5","10.0","-"
"78",8,"DJ Moore",BUF,"WR28","52","128","80.2","15.1","-"
"79",8,"TreVeyon Henderson",NE,"RB21","67","103","81.4","10.1","-"
"80",8,"Jacoby Brissett",ARI,"QB27","22","127","81.5","22.6","-"
"81",8,"Rome Odunze",CHI,"WR29","57","112","82.8","13.2","-"
"82",8,"D'Andre Swift",CHI,"RB22","77","97","86.5","6.0","-"
"83",8,"David Montgomery",HOU,"RB23","71","99","86.7","8.1","-"
"84",8,"Quinshon Judkins",CLE,"RB24","71","98","86.8","7.7","-"
"85",8,"Tucker Kraft",GB,"TE5","76","113","90.4","10.1","-"
"86",8,"Courtland Sutton",DEN,"WR30","73","110","91.3","9.9","-"
"87",8,"Marvin Harrison Jr.",ARI,"WR31","80","109","91.7","7.8","-"
"88",8,"Carnell Tate",TEN,"WR32","68","117","92.6","16.9","-"
"89",8,"Chris Godwin Jr.",TB,"WR33","75","116","92.6","10.2","-"
"90",8,"Fernando Mendoza",LV,"QB28","30","192","93.3","32.5","-"
"91",8,"DK Metcalf",PIT,"WR34","73","110","93.7","8.1","-"
"92",8,"RJ Harvey",DEN,"RB25","65","130","94.0","13.3","-"
"93",8,"Harold Fannin Jr.",CLE,"TE6","78","121","94.2","10.3","-"
"94",8,"Bhayshul Tuten",JAC,"RB26","81","108","95.1","6.9","-"
"95",8,"Jaylen Warren",PIT,"RB27","88","105","95.2","5.0","-"
"96",8,"Michael Wilson",ARI,"WR35","70","122","95.3","13.0","-"
"97",8,"Jordyn Tyson",NO,"WR36","73","117","96.8","12.6","-"
"98",8,"Chuba Hubbard",CAR,"RB28","74","132","96.9","14.6","-"
"99",8,"Jakobi Meyers",JAC,"WR37","80","114","98.0","9.2","-"
"100",8,"Jadarian Price",SEA,"RB29","79","111","98.1","7.5","-"
"101",9,"Kyle Pitts Sr.",ATL,"TE7","86","115","102.1","7.6","-"
"102",9,"Alec Pierce",IND,"WR38","74","122","102.7","12.8","-"
"103",9,"Sam LaPorta",DET,"TE8","88","119","103.1","5.5","-"
"104",9,"Makai Lemon",PHI,"WR39","84","116","103.6","9.3","-"
"105",9,"Rico Dowdle",PIT,"RB30","92","120","104.3","6.6","-"
"106",9,"Michael Pittman Jr.",PIT,"WR40","83","131","105.6","11.6","-"
"107",9,"Brian Thomas Jr.",JAC,"WR41","75","127","105.6","11.3","-"
"108",9,"Rhamondre Stevenson",NE,"RB31","94","120","105.7","6.9","-"
"109",9,"Wan'Dale Robinson",TEN,"WR42","84","138","107.2","12.1","-"
"110",9,"Tony Pollard",TEN,"RB32","98","124","107.7","6.2","-"
"111",9,"Ricky Pearsall",SF,"WR43","91","144","110.9","12.3","-"
"112",9,"Kyle Monangai",CHI,"RB33","97","127","112.2","8.1","-"
"113",9,"Parker Washington",JAC,"WR44","89","139","116.2","11.9","-"
"114",9,"Jordan Addison",MIN,"WR45","102","133","116.8","7.2","-"
"115",9,"Aaron Jones Sr.",MIN,"RB34","101","144","119.1","10.9","-"
"116",9,"Oronde Gadsden II",LAC,"TE9","112","145","119.4","6.8","-"
"117",9,"Josh Downs",IND,"WR46","85","144","120.5","14.6","-"
"118",9,"Kenneth Gainwell",TB,"RB35","98","143","122.1","14.2","-"
"119",9,"Jake Ferguson",DAL,"TE10","113","143","123.4","8.1","-"
"120",9,"Jayden Reed",GB,"WR47","96","142","124.0","10.4","-"
"121",9,"Dalton Kincaid",BUF,"TE11","109","153","124.6","11.4","-"
"122",9,"Michael Penix Jr.",ATL,"QB29","34","184","108.2","29.7","-"
"123",9,"Travis Kelce",KC,"TE12","93","159","126.1","14.4","-"
"124",9,"Geno Smith",NYJ,"QB30","32","184","118.9","36.9","-"
"125",9,"Blake Corum",LAR,"RB36","107","142","126.9","8.2","-"
"126",9,"J.K. Dobbins",DEN,"RB37","107","155","127.5","12.5","-"
"127",9,"Khalil Shakir",BUF,"WR48","110","142","127.6","9.0","-"
"128",10,"Quentin Johnston",LAC,"WR49","110","149","129.6","8.7","-"
"129",10,"Isaiah Likely",NYG,"TE13","113","190","131.1","16.5","-"
"130",10,"Rachaad White",WAS,"RB38","105","159","133.1","15.1","-"
"131",10,"Jayden Higgins",HOU,"WR50","121","149","133.6","7.8","-"
"132",10,"Jacory Croskey-Merritt",WAS,"RB39","120","150","134.9","7.3","-"
"133",10,"George Kittle",SF,"TE14","93","189","137.8","25.1","-"
"134",10,"Romeo Doubs",NE,"WR51","102","178","140.3","16.9","-"
"135",10,"Xavier Worthy",KC,"WR52","116","158","141.5","8.8","-"
"136",10,"Tyler Allgeier",ARI,"RB40","119","171","142.4","14.2","-"
"137",10,"Zach Charbonnet",SEA,"RB41","99","176","142.9","17.4","-"
"138",10,"Woody Marks",HOU,"RB42","104","175","142.9","19.0","-"
"139",10,"Dallas Goedert",PHI,"TE15","121","161","142.9","10.8","-"
"140",10,"Jalen Coker",CAR,"WR53","123","167","143.9","9.8","-"
"141",10,"Jordan Mason",MIN,"RB43","119","158","144.1","9.3","-"
"142",10,"Tyrone Tracy Jr.",NYG,"RB44","130","165","144.4","8.6","-"
"143",10,"Juwan Johnson",NO,"TE16","123","172","145.9","15.7","-"
"144",10,"KC Concepcion",CLE,"WR54","94","219","147.0","28.3","-"
"145",10,"Tyjae Spears",TEN,"RB45","116","166","147.3","11.0","-"
"146",10,"Matthew Golden",GB,"WR55","114","176","147.8","17.5","-"
"147",10,"Shedeur Sanders",CLE,"QB31","40","268","134.7","43.7","-"
"148",10,"Alvin Kamara",NO,"RB46","116","178","151.2","15.0","-"
"149",10,"Dylan Sampson",CLE,"RB47","130","168","151.8","10.8","-"
"150",10,"Brenton Strange",JAC,"TE17","113","197","152.6","18.9","-"
"151",10,"James Conner",ARI,"RB48","103","216","154.9","26.3","-"
"152",10,"Deebo Samuel Sr.",FA,"WR56","134","206","156.3","19.7","-"
"153",10,"Isiah Pacheco",DET,"RB49","134","177","158.9","8.4","-"
"154",10,"Rashid Shaheed",SEA,"WR57","147","170","159.0","7.5","-"
"155",10,"Mark Andrews",BAL,"TE18","125","183","159.3","15.8","-"
"156",10,"Chris Rodriguez Jr.",JAC,"RB50","137","212","159.9","23.4","-"
"157",10,"Jerry Jeudy",CLE,"WR58","146","189","161.7","12.0","-"
"158",11,"Stefon Diggs",FA,"WR59","101","264","149.0","31.7","-"
"159",11,"Jonathon Brooks",CAR,"RB51","120","229","163.7","27.1","-"
"160",11,"Braelon Allen",NYJ,"RB52","139","188","164.4","11.6","-"
"161",11,"Travis Hunter",JAC,"WR60","107","221","164.8","25.2","-"
"162",11,"Keaton Mitchell",LAC,"RB53","150","225","165.9","14.9","-"
"163",11,"Jauan Jennings",MIN,"WR61","110","198","153.4","22.8","-"
"164",11,"Hunter Henry",NE,"TE19","153","187","167.3","9.3","-"
"165",11,"Jonah Coleman",DEN,"RB54","143","243","168.2","23.7","-"
"166",11,"Denzel Boston",CLE,"WR62","144","203","168.8","18.3","-"
"167",11,"Dalton Schultz",HOU,"TE20","136","197","170.2","18.2","-"
"168",11,"Adonai Mitchell",NYJ,"WR63","151","205","171.2","13.8","-"
"169",11,"Brandon Aiyuk",SF,"WR64","137","229","172.2","20.9","-"
"170",11,"Brian Robinson Jr.",ATL,"RB55","154","203","174.5","12.0","-"
"171",11,"Omar Cooper Jr.",NYJ,"WR65","125","237","174.9","26.6","-"
"172",11,"Jalen McMillan",TB,"WR66","133","219","176.4","16.7","-"
"173",11,"Emanuel Wilson",SEA,"RB56","132","209","178.0","18.4","-"
"174",11,"Chig Okonkwo",WAS,"TE21","136","219","178.8","24.6","-"
"175",11,"Kayshon Boutte",NE,"WR67","168","196","179.4","8.7","-"
"176",11,"Tank Bigsby",PHI,"RB57","160","211","181.1","13.4","-"
"177",11,"Troy Franklin",DEN,"WR68","146","221","181.8","17.9","-"
"178",11,"Tre Harris",LAC,"WR69","144","233","176.3","15.9","-"
"179",11,"T.J. Hockenson",MIN,"TE22","151","197","184.0","11.3","-"
"180",11,"Tyreek Hill",FA,"WR70","124","296","173.4","32.6","-"
"181",11,"Mike Washington Jr.",LV,"RB58","156","273","186.0","25.7","-"
"182",11,"Kimani Vidal",LAC,"RB59","155","220","189.3","18.0","-"
"183",11,"Emmett Johnson",KC,"RB60","153","290","190.0","29.1","-"
"184",11,"Aaron Rodgers",FA,"QB32","36","182","119.8","33.6","-"
"185",11,"Tre Tucker",LV,"WR71","160","259","188.0","18.1","-"
"186",11,"Jaylin Noel",HOU,"WR72","151","221","183.8","15.2","-"
"187",11,"Nick Singleton",TEN,"RB61","146","267","195.6","31.3","-"
"188",11,"AJ Barner",SEA,"TE23","165","212","196.0","9.4","-"
"189",11,"Ray Davis",BUF,"RB62","165","220","196.8","14.7","-"
"190",11,"Antonio Williams",WAS,"WR73","142","270","197.0","35.9","-"
"191",11,"Pat Bryant",DEN,"WR74","171","239","191.9","15.9","-"
"192",11,"Calvin Ridley",TEN,"WR75","156","320","198.5","28.4","-"
"193",11,"Tua Tagovailoa",ATL,"QB33","35","277","151.1","42.0","-"
"194",11,"Kaytron Allen",WAS,"RB63","154","271","199.7","30.4","-"
"195",11,"Darnell Mooney",NYG,"WR76","162","222","195.5","12.7","-"
"196",12,"Kenyon Sadiq",NYJ,"TE24","148","250","201.5","25.6","-"
"197",12,"Jaylen Wright",MIA,"RB64","166","252","201.7","18.0","-"
"198",12,"Sean Tucker",TB,"RB65","170","270","203.6","17.6","-"
"199",12,"Chimere Dike",TEN,"WR77","157","248","192.8","28.1","-"
"200",12,"Ryan Flournoy",DAL,"WR78","177","291","198.7","22.3","-"
"201",12,"Isaac TeSlaa",DET,"WR79","184","278","199.4","16.1","-"
"202",12,"Dontayvion Wicks",PHI,"WR80","160","224","200.3","14.1","-"
"203",12,"Gunnar Helm",TEN,"TE25","183","240","210.8","12.6","-"
"204",12,"Ty Simpson",LAR,"QB34","182","297","212.0","44.3","-"
"205",12,"Elic Ayomanor",TEN,"WR81","170","297","209.7","32.5","-"
"206",12,"Terrance Ferguson",LAR,"TE26","194","250","215.8","13.8","-"
"207",12,"Devin Neal",NO,"RB66","168","318","215.9","31.1","-"
"208",12,"David Njoku",FA,"TE27","190","233","217.4","11.4","-"
"209",12,"Trey Benson",ARI,"RB67","132","287","208.2","41.3","-"
"210",12,"Germie Bernard",PIT,"WR82","173","266","219.2","29.1","-"
"211",12,"Chris Bell",MIA,"WR83","160","308","219.3","37.2","-"
"212",12,"Kaleb Johnson",PIT,"RB68","159","285","219.7","29.2","-"
"213",12,"Mason Taylor",NYJ,"TE28","182","321","220.5","25.7","-"
"214",12,"Cade Otton",TB,"TE29","189","240","221.0","12.8","-"
"215",12,"Tank Dell",HOU,"WR84","195","245","215.8","14.2","-"
"216",12,"Demond Claiborne",MIN,"RB69","167","268","225.3","28.6","-"
"217",12,"Ollie Gordon II",MIA,"RB70","200","254","226.7","13.4","-"
"218",12,"Rashod Bateman",BAL,"WR85","193","259","218.8","20.0","-"
"219",12,"Evan Engram",DEN,"TE30","194","260","229.4","13.7","-"
"220",12,"De'Zhaun Stribling",SF,"WR86","166","274","229.8","26.8","-"
"221",12,"Pat Freiermuth",PIT,"TE31","204","273","230.0","12.4","-"
"222",12,"Zachariah Branch",ATL,"WR87","181","263","230.4","20.1","-"
"223",12,"Chris Brazzell II",CAR,"WR88","183","278","230.9","19.1","-"
"224",12,"Colby Parkinson",LAR,"TE32","198","267","232.0","15.8","-"
"225",12,"Jalen Nailor",LV,"WR89","169","296","219.2","38.4","-"
"226",12,"Malik Washington",MIA,"WR90","173","309","228.9","30.4","-"
"227",12,"Elijah Sarratt",BAL,"WR91","191","328","233.3","25.1","-"
"228",12,"Kendre Miller",NO,"RB71","177","322","233.5","31.7","-"
"229",12,"Malachi Fields",NYG,"WR92","194","310","233.6","25.8","-"
"230",12,"Kyle Williams",NE,"WR93","192","270","221.5","21.8","-"
"231",12,"Ja'Kobi Lane",BAL,"WR94","199","286","235.2","27.5","-"
"232",12,"Marvin Mims Jr.",DEN,"WR95","193","263","222.1","22.1","-"
"233",12,"Najee Harris",LAC,"RB72","168","266","218.5","21.6","-"
"234",12,"Keon Coleman",BUF,"WR96","186","292","224.2","24.1","-"
"235",12,"Cooper Kupp",SEA,"WR97","189","281","224.5","20.8","-"
"236",12,"Eli Stowers",PHI,"TE33","191","323","238.6","24.5","-"
"237",12,"Skyler Bell",BUF,"WR98","201","311","238.7","29.1","-"
"238",12,"Theo Johnson",NYG,"TE34","183","271","234.7","24.3","-"
"239",12,"Tory Horton",SEA,"WR99","205","297","230.8","21.9","-"
"240",12,"Isaiah Davis",NYJ,"RB73","192","273","227.5","19.5","-"
"241",12,"Jack Bech",LV,"WR100","197","336","232.7","27.2","-"
"242",12,"Christian Kirk",SF,"WR101","171","272","228.3","27.2","-"
"243",13,"Adam Randall",BAL,"RB74","213","293","245.4","23.5","-"
"244",13,"Ted Hurst",TB,"WR102","172","302","247.3","28.4","-"
"245",13,"Mack Hollins",NE,"WR103","195","342","235.8","36.8","-"
"246",13,"Brashard Smith",KC,"RB75","213","279","233.8","16.7","-"
"247",13,"Keenan Allen",LAC,"WR104","188","261","234.4","17.0","-"
"248",13,"Xavier Legette",CAR,"WR105","199","275","230.8","24.0","-"
"249",13,"Darius Slayton",NYG,"WR106","205","349","243.2","26.6","-"
"250",13,"Kirk Cousins",LV,"QB35","38","292","167.1","53.1","-"
"251",13,"Deshaun Watson",CLE,"QB36","39","287","168.1","54.4","-"
"252",13,"Ty Johnson",BUF,"RB76","209","287","243.4","16.8","-"
"253",13,"LeQuint Allen Jr.",JAC,"RB77","202","283","243.5","23.1","-"
"254",13,"Jake Tonges",SF,"TE35","185","315","242.1","26.2","-"
"255",13,"Jaydon Blue",DAL,"RB78","204","302","250.9","21.8","-"
"256",13,"Jerome Ford",WAS,"RB79","213","274","245.7","14.2","-"
"257",13,"Devaughn Vele",NO,"WR107","224","332","249.9","20.9","-"
"258",13,"Justice Hill",BAL,"RB80","208","273","250.4","18.6","-"
"259",13,"Chris Brooks",GB,"RB81","202","276","252.3","16.4","-"
"260",13,"George Holani",SEA,"RB82","214","283","252.3","21.6","-"
"261",13,"DJ Giddens",IND,"RB83","217","290","252.5","19.8","-"
"262",13,"Devin Singletary",NYG,"RB84","205","280","256.5","18.6","-"
"263",13,"J.J. McCarthy",MIN,"QB37","70","278","152.5","55.2","-"
"264",13,"Jaleel McLaughlin",DEN,"RB85","202","304","251.8","28.7","-"
"265",13,"Joe Mixon",FA,"RB86","163","299","243.8","36.7","-"
"266",13,"Jordan James",SF,"RB87","208","317","257.1","31.4","-"
"267",13,"Isaac Guerendo",SF,"RB88","217","294","259.8","21.8","-"
"268",13,"Hollywood Brown",PHI,"WR108","225","334","260.4","20.5","-"
"269",13,"Mike Gesicki",CIN,"TE36","205","282","249.1","17.2","-"
"270",13,"Samaje Perine",CIN,"RB89","192","296","265.1","23.9","-"
"271",13,"MarShawn Lloyd",GB,"RB90","213","291","264.3","20.7","-"
"272",13,"Tyquan Thornton",KC,"WR109","188","330","257.1","25.4","-"
"273",13,"Emari Demercado",KC,"RB91","220","291","262.1","18.8","-"
"274",13,"Seth McGowan",IND,"RB92","261","322","278.2","15.0","-"
"275",13,"Malik Davis",DAL,"RB93","239","294","264.6","14.2","-"
"276",13,"Max Klare",LAR,"TE37","262","315","284.4","17.3","-"
"277",13,"Isaiah Bond",CLE,"WR110","224","343","263.7","33.7","-"
"278",13,"Tahj Brooks",CIN,"RB94","235","328","274.9","15.9","-"
"279",13,"Trevor Etienne",CAR,"RB95","247","305","273.5","14.4","-"
"280",13,"Andrei Iosivas",CIN,"WR111","207","306","253.0","23.1","-"
"281",13,"Mac Jones",SF,"QB38","127","282","180.0","40.2","-"
"282",13,"Cedric Tillman",CLE,"WR112","248","334","270.8","22.1","-"
"283",13,"Greg Dulcich",MIA,"TE38","186","273","222.6","24.9","-"
"284",13,"Jarquez Hunter",LAR,"RB96","232","300","274.8","16.1","-"
"285",13,"Audric Estime",NO,"RB97","243","327","276.4","17.8","-"
"286",14,"Konata Mumpfield",LAR,"WR113","230","310","256.1","19.4","-"
"287",14,"Bam Knight",ARI,"RB98","214","339","273.9","30.1","-"
"288",14,"Oscar Delp",NO,"TE39","274","329","300.8","23.7","-"
"289",14,"Calvin Austin III",NYG,"WR114","236","337","272.9","29.5","-"
"290",14,"Luke McCaffrey",WAS,"WR115","245","335","274.1","21.0","-"
"291",14,"Kareem Hunt",FA,"RB99","256","314","279.2","12.4","-"
"292",14,"Tez Johnson",TB,"WR116","245","325","272.9","20.6","-"
"293",14,"Jalen Royals",KC,"WR117","234","338","265.4","26.8","-"
"294",14,"Will Shipley",PHI,"RB100","259","304","277.8","10.8","-"
"295",14,"J'Mari Taylor",JAC,"RB101","275","348","308.3","29.9","-"
"296",14,"Kaelon Black",SF,"RB102","200","280","240.5","27.1","-"
"297",14,"Justin Fields",KC,"QB39","35","184","133.0","61.4","-"
"298",14,"Jahan Dotson",ATL,"WR118","169","325","259.6","36.0","-"
"299",14,"Nick Chubb",FA,"RB103","274","322","287.4","13.3","-"
"300",14,"Michael Carter",TEN,"RB104","271","329","288.4","18.4","-"
"301",14,"Noah Gray",KC,"TE40","242","306","274.1","22.2","-"
"302",14,"Darnell Washington",PIT,"TE41","236","303","269.7","20.1","-"
"303",14,"Tyler Higbee",LAR,"TE42","233","294","272.4","18.3","-"
"304",14,"Austin Ekeler",FA,"RB105","270","299","282.4","9.8","-"
"305",14,"Olamide Zaccheaus",ATL,"WR119","245","320","279.3","20.9","-"
"306",14,"Dont'e Thornton Jr.",LV,"WR120","244","333","276.6","26.9","-"
"307",14,"Joshua Palmer",BUF,"WR121","253","345","288.8","29.2","-"
"308",14,"Jalen Tolbert",MIA,"WR122","226","328","275.6","31.4","-"
"309",14,"Anthony Richardson Sr.",IND,"QB40","177","284","205.0","45.7","-"
"310",14,"Bryce Lance",NO,"WR123","230","311","267.6","25.6","-"
"311",14,"John Metchie III",CAR,"WR124","254","341","288.9","32.8","-"
"312",14,"Elijah Arroyo",SEA,"TE43","252","312","281.4","24.5","-"
"313",14,"Caleb Douglas",MIA,"WR125","213","313","282.3","29.3","-"
"314",14,"DeMario Douglas",NE,"WR126","263","330","291.6","21.8","-"
"315",14,"Brenen Thompson",LAC,"WR127","258","310","284.5","18.8","-"
"316",14,"Xavier Hutchinson",HOU,"WR128","261","333","288.9","22.8","-"
"317",14,"Eli Heidenreich",PIT,"RB106","259","324","283.1","21.6","-"
"318",14,"Jaylin Lane",WAS,"WR129","265","326","292.1","21.4","-"
"319",14,"Savion Williams",GB,"WR130","266","329","286.1","20.3","-"
"320",14,"Ja'Tavion Sanders",CAR,"TE44","250","315","279.0","22.8","-"
"321",14,"Darren Waller",FA,"TE45","257","316","290.3","16.1","-"
"322",15,"Tommy Myers",FA,"TE46","253","298","270.2","15.1","-"
"323",15,"Justin Joly",DEN,"TE47","267","340","294.3","21.6","-"
"324",15,"Raheim Sanders",CLE,"RB107","277","338","302.6","22.5","-"
"325",15,"Michael Mayer",LV,"TE48","246","319","288.8","28.1","-"
"326",15,"John Bates",WAS,"TE49","246","311","276.8","25.5","-"
"327",15,"Treylon Burks",WAS,"WR131","234","308","281.4","28.8","-"
"328",15,"Jawhar Jordan",HOU,"RB108","275","322","293.3","15.9","-"
"329",15,"Joe Milton III",DAL,"QB41","182","182","182.0","0.0","-"
"330",15,"Kevin Coleman Jr.",MIA,"WR132","232","324","286.6","34.6","-"
"331",15,"Tutu Atwell",MIA,"WR133","246","331","297.5","29.1","-"
"332",15,"Ben Sinnott",WAS,"TE50","272","329","298.2","18.6","-"
"333",15,"Carson Beck",ARI,"QB42","182","216","199.0","17.0","-"
"334",15,"Kendrick Bourne",ARI,"WR134","262","336","304.0","27.1","-"
"335",15,"Cyrus Allen",KC,"WR135","195","328","281.5","51.3","-"
"336",15,"KaVontae Turpin",DAL,"WR136","236","337","282.5","37.2","-"
"337",15,"Terrell Jennings",NE,"RB109","275","294","283.8","7.3","-"
"338",15,"Antonio Gibson",FA,"RB110","276","327","297.2","18.3","-"
"339",15,"Kalif Raymond",CHI,"WR137","222","352","287.5","46.3","-"
"340",15,"Tai Felton",MIN,"WR138","242","285","270.7","20.3","-"
"341",15,"Cole Kmet",CHI,"TE51","264","325","303.0","21.3","-"
"342",15,"Dameon Pierce",PHI,"RB111","281","346","312.3","20.8","-"
"343",15,"Malik Benson",LV,"WR139","174","348","306.0","66.4","-"
"344",15,"Zach Ertz",FA,"TE52","273","321","295.8","22.8","-"
"345",15,"Noah Fant",NO,"TE53","286","334","307.2","15.6","-"
"346",15,"Luke Musgrave",GB,"TE54","293","321","307.8","12.1","-"
"347",15,"Joe Flacco",CIN,"QB43","196","298","247.0","51.0","-"
"348",15,"CJ Daniels",LAR,"WR140","263","351","313.0","31.0","-"
"349",15,"Nick Westbrook-Ikhine",IND,"WR141","186","331","258.5","72.5","-"
"350",15,"Dawson Knox",BUF,"TE55","291","332","314.8","13.3","-"
"351",15,"Eli Raridon",NE,"TE56","263","347","315.0","31.6","-"
"352",15,"Damien Martinez",GB,"RB112","280","318","306.8","15.6","-"
"353",15,"Marcus Mariota",WAS,"QB44","180","180","180.0","0.0","-"
"354",15,"Daniel Bellinger",TEN,"TE57","246","350","308.5","38.3","-"
"355",15,"Zavion Thomas",CHI,"WR142","289","341","318.0","22.2","-"
"356",15,"Dyami Brown",WAS,"WR143","196","196","196.0","0.0","-"
"357",15,"Jonnu Smith",FA,"TE58","286","339","315.5","19.2","-"
"358",15,"Deion Burks",IND,"WR144","293","342","315.8","21.2","-"
"359",15,"Sam Roush",CHI,"TE59","295","345","314.3","21.9","-"
"360",15,"Le'Veon Moss",MIA,"RB113","272","349","314.7","32.0","-"
"361",15,"Jam Miller",NE,"RB114","299","304","301.5","2.5","-"
"362",15,"Jordan Whittington",LAR,"WR145","256","256","256.0","0.0","-"
"363",15,"Elijah Higgins",ARI,"TE60","302","335","318.7","13.5","-"
"364",15,"Mitch Tinsley",CIN,"WR146","258","258","258.0","0.0","-"
"365",15,"Marlin Klein",HOU,"TE61","284","326","305.0","21.0","-"
"366",15,"Roschon Johnson",CHI,"RB115","280","280","280.0","0.0","-"
"367",15,"Zavier Scott",MIN,"RB116","284","284","284.0","0.0","-"
"368",15,"Phil Mafah",DAL,"RB117","294","344","319.0","25.0","-"
"369",15,"Nate Boerkircher",JAC,"TE62","290","290","290.0","0.0","-"
"370",15,"Kyle Juszczyk",SF,"RB118","291","291","291.0","0.0","-"
"371",15,"Theo Wease Jr.",MIA,"WR147","293","293","293.0","0.0","-"
"372",15,"Devontez Walker",BAL,"WR148","308","336","322.0","14.0","-"
"373",15,"Jameis Winston",NYG,"QB45","296","296","296.0","0.0","-"
"374",15,"Xavier Restrepo",TEN,"WR149","297","297","297.0","0.0","-"
"375",15,"Jared Wiley",KC,"TE63","298","298","298.0","0.0","-"
"376",15,"Gardner Minshew II",ARI,"QB46","299","299","299.0","0.0","-"
"377",15,"Antwane Wells Jr.",FA,"WR150","299","299","299.0","0.0","-"
"378",15,"Julian Fleming",FA,"WR151","300","300","300.0","0.0","-"
"379",15,"Brandin Cooks",FA,"WR152","301","301","301.0","0.0","-"
"380",15,"Greg Dortch",DET,"WR153","305","305","305.0","0.0","-"
"381",15,"Tommy Tremble",CAR,"TE64","306","306","306.0","0.0","-"
"382",15,"Mitchell Evans",CAR,"TE65","308","308","308.0","0.0","-"
"383",15,"Durham Smythe",BAL,"TE66","309","309","309.0","0.0","-"
"384",15,"Demarcus Robinson",SF,"WR154","327","332","329.5","2.5","-"
"385",15,"Jackson Hawes",BUF,"TE67","312","312","312.0","0.0","-"
"386",15,"Erick All Jr.",CIN,"TE68","324","338","331.0","7.0","-"
"387",15,"Austin Hooper",ATL,"TE69","313","313","313.0","0.0","-"
"388",15,"Rasheen Ali",BAL,"RB119","314","314","314.0","0.0","-"
"389",15,"Tyler Badie",DEN,"RB120","318","318","318.0","0.0","-"
"390",15,"Michael Trigg",DAL,"TE70","318","318","318.0","0.0","-"
"391",15,"Robert Henry Jr.",WAS,"RB121","324","344","334.0","10.0","-"
"392",15,"Thomas Fidone II",NYG,"TE71","319","319","319.0","0.0","-"
"393",15,"Jack Endries",CIN,"TE72","320","320","320.0","0.0","-"
"394",15,"Tanner Koziol",JAC,"TE73","321","321","321.0","0.0","-"
"395",15,"Dylan Laube",LV,"RB122","326","326","326.0","0.0","-"
"396",15,"Roman Wilson",PIT,"WR155","330","330","330.0","0.0","-"
"397",15,"Charlie Kolar",LAC,"TE74","331","331","331.0","0.0","-"
"398",15,"Jeremy McNichols",WAS,"RB123","340","340","340.0","0.0","-"
"399",15,"Roman Hemby",LV,"RB124","340","340","340.0","0.0","-"
"400",15,"Ty Chandler",NO,"RB125","343","343","343.0","0.0","-"
"401",15,"Jaydn Ott",KC,"RB126","343","343","343.0","0.0","-"
"402",15,"Desmond Reid",BUF,"RB127","347","347","347.0","0.0","-"
